opDATE;spDATE;REFERENCIA;DEBE;HABER
2019-12-19;2019-12-18;1812 ULTIMA;42761,4;0
2019-12-28;2019-12-28;281219;0;11836,08
2019-12-28;2019-12-28;2812;11836,08;0
2019-12-27;2019-12-27;271219;0;6820
2019-12-27;2019-12-27;2712;6820;0
2019-12-20;2019-12-20;20/12;0;9000
2019-12-20;2019-12-19;42186;42521,58;0
2019-12-20;2019-12-17;42172;28000,49;0
2019-12-20;2019-12-17;42171;51701,05;0
2019-12-20;2019-12-17;42169;32517,36;0
2019-12-20;2019-12-17;42168;139417,1;0
2019-12-20;2019-12-17;42167;136741,7;0
2019-12-20;2019-12-17;42166;103726,6;0
2019-12-19;2019-12-19;161;0;280000
2019-12-11;2019-12-11;160;0;325000
2019-12-08;2019-11-29;19363;9000;0
2019-12-08;2019-12-05;42076;29841,83;0
2019-12-05;2019-12-05;159;0;385759,69
2019-12-03;2019-11-28;42029;8929,68;0
2019-12-03;2019-11-28;42028;150606,3;0
2019-12-03;2019-11-28;42027;206911,1;0
2019-12-03;2019-11-28;42026;98191,97;0
2019-11-25;2019-11-25;158;0;331654,52
2019-11-13;2019-11-13;131119_M;50486,04;0
2019-11-16;2019-11-16;2986/1;0;142407,1
2019-11-15;2019-11-15;1511;0;9000
2019-11-15;2019-11-15;131119;0;50486,04
2019-11-13;2019-11-13;157;0;350000
2019-11-08;2019-11-08;2986;142407,1;0
2019-11-08;2019-11-07;41846;64958,84;0
2019-11-08;2019-11-07;41845;114146,4;0
2019-11-08;2019-11-07;41844;82878,41;0
2019-11-08;2019-11-07;41843;87318,24;0
2019-11-08;2019-11-07;41842;94658,03;0
2019-11-08;2019-11-07;41841;119816,2;0
2019-11-08;2019-11-07;41840;71724,94;0
2019-11-05;2019-11-04;41833;8140,416;0
2019-10-31;2019-10-31;311019;0;127683,3
2019-10-31;2019-10-31;156;0;400000
2019-10-31;2019-10-28;41755;95674,94;0
2019-10-31;2019-10-28;41754;251463;0
2019-10-31;2019-10-28;41753;55047,52;0
2019-10-31;2019-10-28;41752;149649,7;0
2019-10-30;2019-10-30;2973;127683,3;0
2019-10-24;2019-10-21;19234;9000;0
2019-10-24;2019-10-24;241019;0;51414
2019-10-24;2019-10-24;2410;51414;0
2019-10-21;2019-10-21;155;0;415000
2019-10-17;2019-10-17;1410;0;18360
2019-10-16;2019-10-14;41653;55139,67;0
2019-10-10;2019-10-10;41634;-1954,368;0
2019-10-09;2019-10-09;154;0;267225,7
2019-10-06;2019-10-03;41579;89346,04;0
2019-10-06;2019-10-03;41578;136811,1;0
2019-10-06;2019-10-03;41577;119457,5;0
2019-10-06;2019-10-03;41576;83687,04;0
2019-10-06;2019-10-03;41574;92488,08;0
2019-09-29;2019-09-29;153;0;299999,74
2019-09-25;2019-09-25;250919;0;138539,46
2019-09-25;2019-09-24;41495;109537,5;0
2019-09-23;2019-09-23;2932;25572,96;0
2019-09-23;2019-09-23;2931;112966,5;0
2019-09-19;2019-09-19;152;0;249998,76
2019-09-19;2019-09-17;41455;22984;0
2019-09-19;2019-09-17;41439;136063,8;0
2019-09-19;2019-09-17;41438;115464,7;0
2019-09-19;2019-09-17;41437;77213,19;0
2019-09-19;2019-09-17;41436;28201,64;0
2019-09-19;2019-09-17;41435;89024,95;0
2019-09-18;2019-09-16;19158;18360;0
2019-09-17;2019-09-17;170919;0;31055,76
2019-09-17;2019-09-17;1709;31055,76;0
2019-09-17;2019-09-17;170919;0;73986
2019-09-17;2019-09-17;1709;73986;0
2019-09-13;2019-09-13;130919;0;17130
2019-09-13;2019-09-13;13-09;17130;0
2019-09-12;2019-09-12;151;0;292635,04
2019-09-07;2019-09-07;070919;0;59888,88
2019-09-07;2019-09-07;0709;59888,88;0
2019-09-06;2019-09-04;41371;2349,87;0
2019-09-06;2019-09-04;41370;63886,18;0
2019-09-06;2019-09-04;41369;90742,05;0
2019-09-06;2019-09-04;41368;80086,46;0
2019-09-06;2019-09-04;41367;21347,24;0
2019-09-06;2019-09-03;41354;42714,42;0
2019-09-06;2019-09-03;41353;175521,2;0
2019-09-06;2019-09-03;41352;96727,18;0
2019-09-05;2019-09-05;050919;0;126045,4
2019-08-29;2019-08-29;150;0;170000
2019-08-25;2019-08-25;2408;0;23752,8
2019-08-25;2019-08-22;2308;556,8;0
2019-08-24;2019-08-22;2904;126045,4;0
2019-08-22;2019-08-22;149;0;424163,12
2019-08-22;2019-08-20;41238;28913,51;0
2019-08-22;2019-08-20;41237;88529,75;0
2019-08-22;2019-08-20;41236;99118,29;0
2019-08-22;2019-08-20;41235;77001,67;0
2019-08-18;2019-08-18;190819;0;107415
2019-08-15;2019-08-07;41175/1;42613,76;0
2019-08-14;2019-08-14;140819;0;49959,36
2019-08-14;2019-08-14;1408;49959,36;0
2019-08-10;2019-08-07;41177;157070,3;0
2019-08-10;2019-08-07;41176;138631,1;0
2019-08-10;2019-08-07;41175;46802,38;0
2019-08-02;2019-08-02;148;0;185000
2019-07-31;2019-07-31;310719;0;11755
2019-07-31;2019-07-31;410;11755;0
2019-07-30;2019-07-29;2907;23196;0
2019-07-30;2019-07-30;2870;107415;0
2019-07-25;2019-07-25;190719;0;36050,64
2019-07-25;2019-07-25;250719;0;142343,8
2019-07-20;2019-07-19;1046;36050,64;0
2019-07-18;2019-07-18;147;0;214999,58
2019-07-18;2019-07-16;41062;3023,424;0
2019-07-18;2019-07-16;41061;69817,09;0
2019-07-18;2019-07-10;41021;47191,16;0
2019-07-18;2019-07-10;41020;89707,21;0
2019-07-18;2019-07-10;41019;135885,3;0
2019-07-18;2019-07-10;41018;174118,2;0
2019-07-15;2019-07-15;030719;0;13248
2019-07-11;2019-07-11;146;0;185441,34
2019-07-10;2019-07-03;18947;13248;0
2019-07-03;2019-07-03;145;0;180000
2019-06-28;2019-06-21;39978;19244,4;0
2019-06-28;2019-06-28;110619;0;62745,6
2019-06-28;2019-06-25;1106;62745,6;0
2019-06-25;2019-06-25;144;0;150000
2019-06-21;2019-06-11;39912;44815,44;0
2019-06-21;2019-06-11;39911;36911,04;0
2019-06-20;2019-06-13;2793;142343,8;0
2019-06-13;2019-06-13;100619;0;9792
2019-06-13;2019-06-10;1006;9792;0
2019-06-11;2019-06-11;143;0;153569,06
2019-06-09;2019-06-09;100619;0;147058,4
2019-06-04;2019-06-04;142;0;355303,23
2019-06-02;2019-06-02;290519;0;36580
2019-06-02;2019-05-29;2905;36580;0
2019-05-30;2019-05-24;39810;399,6432;0
2019-05-30;2019-05-24;39809;87606,33;0
2019-05-30;2019-05-24;39805;57267,99;0
2019-05-30;2019-05-24;39804;116824;0
2019-05-30;2019-05-24;39803;130025,2;0
2019-05-30;2019-05-24;39802;93166,91;0
2019-05-27;2019-05-27;270519;0;9450
2019-05-27;2019-05-27;2705;9450;0
2019-05-24;2019-05-24;240519;0;38304
2019-05-24;2019-05-24;2405;38304;0
2019-05-19;2019-05-19;170519;0;4080
2019-05-19;2019-05-17;1705;4080;0
2019-05-19;2019-05-19;141;0;100000
2019-05-19;2019-05-15;39761;13418,53;0
2019-05-19;2019-05-15;39760;22371,25;0
2019-05-19;2019-05-15;39759;34944,77;0
2019-05-19;2019-05-15;39758;56703,94;0
2019-05-19;2019-05-15;39757;16741,12;0
2019-05-13;2019-05-13;090419;0;52713,6
2019-05-13;2019-05-13;090519;0;36480
2019-05-13;2019-05-09;0905;36480;0
2019-05-10;2019-05-09;2737;147058,4;0
2019-05-09;2019-05-09;39704;-3011,42;0
2019-05-09;2019-05-09;140;0;200000
2019-05-09;2019-05-09;39583/1;1491,97;0
2019-05-09;2019-05-09;39583;-4595,1;0
2019-05-07;2019-05-06;39677;47098,74;0
2019-05-07;2019-05-06;39676;60721,94;0
2019-05-07;2019-05-06;39675;86914,56;0
2019-05-07;2019-05-06;39674;65342,1;0
2019-05-07;2019-05-06;39673;21760,67;0
2019-05-07;2019-05-06;39672;81684,88;0
2019-05-05;2019-05-05;030519;0;43120
2019-05-05;2019-05-05;0305;43120;0
2019-05-01;2019-05-01;300419;0;97557,6
2019-04-25;2019-04-25;139;0;150000
2019-04-14;2019-04-11;39556;28532,1;0
2019-04-14;2019-04-11;39555;103204,06;0
2019-04-14;2019-04-11;39554;58195,17;0
2019-04-14;2019-04-11;39553;110090,9;0
2019-04-14;2019-04-11;39552;45686,34;0
2019-04-14;2019-04-11;39551;59224,43;0
2019-04-14;2019-04-11;39550;87354,15;0
2019-04-11;2019-04-11;138;0;350000
2019-04-11;2019-04-11;110419;52713,6;0
2019-04-11;2019-04-08;39529;44523,81;0
2019-04-08;2019-04-05;39515;26844,35;0
2019-03-29;2019-03-27;2669;25094,16;0
2019-03-29;2019-03-27;2668;72463,44;0
2019-03-28;2019-03-28;137;0;227573,8
2019-03-28;2019-03-28;290319;0;49028,7
2019-03-22;2019-03-15;39367;22957,56;0
2019-03-17;2019-03-17;180319;0;14860,8
2019-03-15;2019-02-27;119;49028,7;0
2019-03-14;2019-03-14;136;0;230000
2019-03-11;2019-03-01;39283;77097,14;0
2019-03-11;2019-03-01;39282;80367,12;0
2019-03-11;2019-03-01;39281;49686,28;0
2019-03-11;2019-03-01;39280;70772,01;0
2019-03-11;2019-03-01;39279;86929,01;0
2019-03-01;2019-02-28;39273;3246,7;0
2019-03-01;2019-02-28;39272;-3497,748;0
2019-03-01;2019-02-27;39260;22159,99;0
2019-02-28;2019-02-28;135;0;350294,17
2019-02-28;2019-02-25;18515;14860,8;0
2019-02-27;2019-02-27;170219;0;19113,6
2019-02-27;2019-02-17;1702;19113,6;0
2019-02-25;2019-02-25;250219;0;13824
2019-02-23;2019-02-21;39214;112886,7;0
2019-02-23;2019-02-21;39213;129949;0
2019-02-23;2019-02-21;39212;46564,72;0
2019-02-20;2019-02-18;18483;13824;0
2019-02-14;2019-02-13;39133;12037,18;0
2019-02-14;2019-02-14;134;0;349668,52
2019-02-14;2019-02-14;070219;0;36159,2
2019-02-14;2019-02-07;0702;36159,2;0
2019-02-14;2019-02-11;39115;23602,68;0
2019-02-14;2019-02-11;39114;46301,4;0
2019-02-14;2019-02-11;39113;134227,3;0
2019-02-14;2019-02-11;39112;72382,55;0
2019-02-14;2019-02-11;39111;60466,27;0
2019-02-14;2019-02-11;39110;108669,6;0
2019-02-14;2019-02-11;39109;38871,6;0
2019-02-09;2019-02-09;080219;0;30946,8
2019-02-09;2019-02-08;0802;30946,8;0
2019-02-07;2019-02-07;133;0;210692
2019-01-26;2019-01-23;38957;27546,42;0
2019-01-26;2019-01-23;38956;172650,6;0
2019-01-26;2019-01-23;38955;30103,74;0
2019-01-26;2019-01-22;38951;54844,4;0
2019-01-26;2019-01-22;38950;41379,56;0
2019-01-24;2019-01-24;132;0;149301,9
2019-01-17;2019-01-16;38896;23143,81;0
2019-01-17;2019-01-16;38895;68782,2;0
2019-01-17;2019-01-16;38894;72437,36;0
2019-01-10;2019-01-10;281218;0;6518,4
2019-01-10;2018-12-28;2812;6518,4;0
2019-01-10;2018-12-26;38799;-1065,297;0
2019-01-10;2018-12-26;38798;6391,785;0
2019-01-10;2018-12-26;38797;-392,544;0
2019-01-10;2019-01-10;131;0;402617,41
2018-12-31;2018-12-27;38820;21882,65;0
2018-12-31;2018-12-27;38819;47589,95;0
2018-12-27;2018-12-27;281218;0;19905
2018-12-27;2018-12-27;2712;19905;0
2018-12-19;2018-12-19;130;0;300000
2018-12-19;2018-12-17;38763;45657,16;0
2018-12-19;2018-12-17;38762;41045,9;0
2018-12-19;2018-12-17;38761;42495,44;0
2018-12-19;2018-12-14;38752;15169,59;0
2018-12-19;2018-12-14;38751;71622,69;0
2018-12-19;2018-12-14;38750;64983,08;0
2018-12-19;2018-12-14;38749;66011,66;0
2018-12-14;2018-12-14;141218;0;65766,9
2018-12-06;2018-12-06;129;0;217276,37
2018-12-05;2018-11-30;38634;36785,61;0
2018-12-05;2018-11-30;38633;54166,47;0
2018-12-05;2018-11-30;38632;120830,5;0
2018-12-05;2018-11-30;38631;67524,76;0
2018-12-05;2018-12-04;50002484;65766,9;0
2018-11-22;2018-11-22;128;0;140000
2018-11-17;2018-11-16;38529;36831,48;0
2018-11-17;2018-11-16;38528;43258,34;0
2018-11-17;2018-11-16;38527;43190,25;0
2018-11-17;2018-11-16;38526;13790,54;0
2018-11-17;2018-11-16;38525;61821,09;0
2018-11-17;2018-11-16;38524;72440,08;0
2018-11-17;2018-11-16;38523;103333,5;0
2018-11-15;2018-11-15;127;0;299997,16
2018-11-13;2018-11-13;131118;0;21278,4
2018-11-13;2018-11-13;1311;21278,4;0
2018-11-09;2018-11-08;38472;43723,97;0
2018-11-09;2018-11-08;38470;1065,297;0
2018-11-09;2018-11-06;38459;32029,22;0
2018-11-09;2018-11-09;126;0;315000
2018-11-06;2018-11-01;38428;73534,66;0
2018-11-06;2018-11-01;38427;130451,2;0
2018-11-06;2018-11-01;38426;76954,4;0
2018-11-02;2018-11-02;021118;0;23323,08
2018-11-02;2018-11-02;194;23323,08;0
2018-10-19;2018-10-19;191018;0;48046,14
2018-10-19;2018-10-19;1910;0;37039,2
2018-10-19;2018-10-12;1210;37039,2;0
2018-10-19;2018-10-16;38320;3752,02;0
2018-10-19;2018-10-19;125;0;370000
2018-10-19;2018-10-16;38319;-4002;0
2018-10-19;2018-10-16;38321;-7457,083;0
2018-10-19;2018-10-12;38306;11718,27;0
2018-10-19;2018-10-16;38318;2871;0
2018-10-19;2018-10-09;38270/1;4095,264;0
2018-10-17;2018-10-17;171018;0;18945
2018-10-17;2018-10-17;1710;18945;0
2018-10-17;2018-10-09;091018;48046,14;0
2018-10-12;2018-10-09;38270;56351,06;0
2018-10-12;2018-10-09;38274;7584,799;0
2018-10-12;2018-10-09;38273;48350,14;0
2018-10-12;2018-10-09;38272;111856;0
2018-10-12;2018-10-09;38271;74661,72;0
2018-10-12;2018-10-09;38263;10384,18;0
2018-10-09;2018-10-02;38226;19201,71;0
2018-10-09;2018-10-01;38224;42958,72;0
2018-10-09;2018-10-01;38223;103811,5;0
2018-10-09;2018-10-01;38222;55503,68;0
2018-10-09;2018-10-01;38221;5516,218;0
2018-10-09;2018-10-01;38220;41021,75;0
2018-10-05;2018-10-05;051018;0;45601,32
2018-10-04;2018-10-04;124;0;220000
2018-09-27;2018-09-27;123;0;200000
2018-09-27;2018-09-21;2387;6566,4;0
2018-09-27;2018-09-21;2393;39034,92;0
2018-09-24;2018-09-20;38164;-2453,4;0
2018-09-21;2018-09-19;38160;35266,66;0
2018-09-21;2018-09-19;38159;69467,53;0
2018-09-21;2018-09-19;38158;51495,09;0
2018-09-21;2018-09-19;38157;45204,83;0
2018-09-21;2018-09-19;38156;10026,75;0
2018-09-18;2018-09-12;38091;48752,68;0
2018-09-18;2018-09-12;38090;125888,4;0
2018-09-18;2018-09-12;38089;51812,59;0
2018-09-17;2018-09-17;140918;0;33635
2018-09-17;2018-09-14;1409;33635;0
2018-09-13;2018-09-13;130918;0;7894,85
2018-09-12;2018-09-12;120918;0;9710,8
2018-09-12;2018-09-12;;9710,8;0
2018-09-09;2018-09-09;122;0;230000
2018-09-08;2018-09-07;38074;46180,56;0
2018-09-08;2018-09-07;38073;48237,97;0
2018-09-08;2018-09-06;38050;23710,35;0
2018-09-05;2018-09-05;15381/2;7894,4;0
2018-08-29;2018-08-21;37170;11871,67;0
2018-08-24;2018-08-24;150818;0;41321,28
2018-08-24;2018-08-24;1508;41321,28;0
2018-08-24;2018-08-24;121;0;350000
2018-08-24;2018-08-22;37187;22137,44;0
2018-08-24;2018-08-22;37186;30257,67;0
2018-08-24;2018-08-22;37185;17489,32;0
2018-08-24;2018-08-22;37184;23280,78;0
2018-08-24;2018-08-22;37183;43216,59;0
2018-08-24;2018-08-22;37182;43961,58;0
2018-08-24;2018-08-22;37181;39987,7;0
2018-08-10;2018-08-08;37111;71378,28;0
2018-08-10;2018-08-08;37110;38546,33;0
2018-08-10;2018-08-08;37107;22192,41;0
2018-08-07;2018-08-07;070802;0;3951,97
2018-08-07;2018-08-07;070801;0;79039,42
2018-08-06;2018-08-06;2330;82991,39;0
2018-08-04;2018-07-31;37056;-1543,449;0
2018-08-04;2018-07-31;37054;-214,716;0
2018-08-02;2018-07-30;37046;1479;0
2018-08-02;2018-07-25;37018;4827,456;0
2018-08-02;2018-07-25;37017;33664,8;0
2018-07-27;2018-07-27;120;0;180000
2018-07-27;2018-07-25;37025;40851,25;0
2018-07-27;2018-07-25;37024;29391,73;0
2018-07-27;2018-07-25;37023;45083,68;0
2018-07-27;2018-07-25;37022;57705,63;0
2018-07-27;2018-07-25;37021;39987,7;0
2018-07-26;2018-07-26;260718;0;1814,2
2018-07-26;2018-07-26;250718;0;24860
2018-07-26;2018-07-26;150718;26674,2;0
2018-07-24;2018-07-24;240718;0;13746
2018-07-23;2018-07-23;69923;4382,4;0
2018-07-18;2018-07-18;119;0;250000
2018-07-18;2018-07-05;36916;-1166,77;0
2018-07-18;2018-07-05;36915;-4134,24;0
2018-07-16;2018-07-16;13804;9364,05;0
2018-07-16;2018-07-13;36973;30139,21;0
2018-07-16;2018-07-13;36972;69408,95;0
2018-07-14;2018-07-12;36949;11964,28;0
2018-07-05;2018-07-05;050718;0;65477,41
2018-07-05;2018-07-04;50002265;65477,41;0
2018-07-04;2018-06-29;36885;35202,84;0
2018-07-04;2018-06-29;36884;66285,65;0
2018-07-04;2018-06-29;36883;32271,92;0
2018-06-27;2018-06-27;118;0;250000
2018-06-25;2018-06-21;36838;13508,34;0
2018-06-25;2018-06-21;36839;2147,16;0
2018-06-21;2018-06-18;36824;104060,8;0
2018-06-21;2018-06-18;36823;20280,6;0
2018-06-21;2018-06-18;36822;53790,36;0
2018-06-19;2018-06-19;1906;0;0,04
2018-06-19;2018-06-19;190618;0;34283
2018-06-14;2018-06-14;140618;34283,04;0
2018-06-12;2018-06-06;36760;11024,64;0
2018-06-12;2018-06-06;36759;27754,85;0
2018-06-12;2018-06-05;36748;1784,544;0
2018-06-12;2018-06-05;36747;44409,53;0
2018-06-12;2018-06-05;36746;45332,15;0
2018-06-12;2018-06-05;36742;49160,17;0
2018-06-12;2018-06-05;36741;45111,22;0
2018-06-12;2018-06-12;117;0;120000
2018-06-08;2018-05-29;36721;20186,7;0
2018-06-08;2018-05-29;36720;5636,208;0
2018-06-08;2018-05-29;36719;64275,6;0
2018-06-08;2018-05-29;36718;27117,23;0
2018-06-07;2018-06-07;116;0;137000
2018-05-28;2018-05-21;36670;11387,11;0
2018-05-28;2018-05-28;0518;0;25201,44
2018-05-23;2018-05-23;230518;25201,44;0
2018-05-23;2018-05-23;150518;0;43527,32
2018-05-21;2018-05-21;115;0;250000
2018-05-17;2018-05-10;36592;32268,26;0
2018-05-17;2018-05-10;36591;32148,25;0
2018-05-17;2018-05-10;36590;19302,86;0
2018-05-17;2018-05-10;36589;27066,74;0
2018-05-17;2018-05-10;36588;38823,43;0
2018-05-08;2018-04-16;36438;1889,64;0
2018-05-05;2018-05-02;36538;25680,71;0
2018-05-05;2018-04-25;36512;45459,38;0
2018-05-05;2018-04-25;36511;62087,61;0
2018-05-05;2018-04-25;36510;9848,4;0
2018-05-05;2018-04-25;2155;8026,5;0
2018-05-05;2018-04-25;2154;35500,82;0
2018-05-01;2018-05-01;114;0;200000
2018-04-27;2018-04-23;36488;2703,269;0
2018-04-26;2018-04-26;2604;0;20640
2018-04-23;2018-04-23;2304;20640;0
2018-04-19;2018-04-19;CANCELA1904;0;9259,2
2018-04-18;2018-04-16;36437;-5302,36;0
2018-04-18;2018-04-16;36435;16488,1;0
2018-04-18;2018-04-16;36434;42860,79;0
2018-04-18;2018-04-16;36433;64534,04;0
2018-04-18;2018-04-16;36432;16939,24;0
2018-04-18;2018-04-16;36431;10642,25;0
2018-04-18;2018-04-12;36418;12104,27;0
2018-04-18;2018-04-18;180418;0;39147
2018-04-15;2018-04-04;36358;3283,171;0
2018-04-12;2018-04-03;36349;22128,62;0
2018-04-12;2018-04-03;36348;69546,98;0
2018-04-12;2018-04-03;36342;17798,18;0
2018-04-12;2018-04-03;36341;5039,596;0
2018-04-12;2018-04-03;36340;29215,29;0
2018-04-12;2018-04-03;36339;38681,58;0
2018-04-12;2018-04-03;36338;15833,07;0
2018-03-29;2018-03-23;230318;9259,2;0
2018-04-11;2018-04-11;2113-2106;39147;0
2018-04-10;2018-04-10;113;0;250000
2018-03-26;2018-03-26;112;0;217000
2018-03-23;2018-03-19;36239;34126,27;0
2018-03-23;2018-03-19;36237;40522,38;0
2018-03-23;2018-03-19;36236;15483,33;0
2018-03-23;2018-03-19;36235;9917,652;0
2018-03-23;2018-03-19;36234;31761,4;0
2018-03-23;2018-03-19;36233;60695,55;0
2018-03-14;2018-03-14;1403;0;26535,6
2018-03-14;2018-03-14;140318;26535,6;0
2018-03-14;2018-03-06;36128;12373,55;0
2018-03-14;2018-03-06;36127;27285,98;0
2018-03-14;2018-03-06;36126;34681,75;0
2018-03-14;2018-03-06;36125;27444,67;0
2018-03-14;2018-03-08;36166;-3711,652;0
2018-03-14;2018-03-06;36138;3108,545;0
2018-03-08;2018-03-08;111;0;204000
2018-03-06;2018-03-02;36095;31095,81;0
2018-03-06;2018-03-02;36094;45447,22;0
2018-03-06;2018-03-02;36093;16461,79;0
2018-03-01;2018-03-23;36031;8216,697;0
2018-03-01;2018-03-23;36030;45880,92;0
2018-03-01;2018-03-23;36029;32751,76;0
2018-03-01;2018-03-23;36028;818,6352;0
2018-03-01;2018-03-23;36027;25358,83;0
2018-03-01;2018-03-23;36026;39828,18;0
2018-02-28;2018-02-28;110;0;189000
2018-02-27;2018-02-27;2702;0;36323,64
2018-02-27;2018-02-27;2102;0;36,36
2018-02-27;2018-02-21;210218;36360;0
2018-02-21;2018-02-16;35957;35520,11;0
2018-02-21;2018-02-16;35956;56408,82;0
2018-02-21;2018-02-15;35948;15802,73;0
2018-02-21;2018-02-15;35947;19402,39;0
2018-02-16;2018-02-16;109;0;210000
2018-02-08;2018-02-06;35898;1393,113;0
2018-02-08;2018-01-26;35781;5032,927;0
2018-02-08;2018-01-23;35743;32966,04;0
2018-02-08;2018-01-17;35689;17270,08;0
2018-02-08;2018-01-16;35682;16355,94;0
2018-02-08;2018-01-16;35681;20943,74;0
2018-02-08;2018-01-16;35680;64155,36;0
2018-02-08;2018-01-16;35679;46888,07;0
2018-02-08;2018-01-16;35678;34572,06;0
2018-02-07;2018-02-06;35895;20056,56;0
2018-02-07;2018-02-06;35894;38071,34;0
2018-02-07;2018-02-06;35893;103688;0
2018-02-07;2018-02-06;35892;17320,37;0
2018-02-07;2018-02-06;35891;75972,46;0
2018-02-07;2018-02-06;35890;41542,82;0
2018-02-07;2018-02-05;35877;10633,77;0
2018-02-07;2018-02-05;35876;1869,989;0
2018-02-06;2018-02-06;108;0;200000
2018-01-17;2018-01-17;107;0;270000
2018-01-16;2017-12-27;35639;8028,708;0
2018-01-16;2017-12-27;35638;42783,54;0
2018-01-11;2018-01-11;110118;0;3600
2018-01-11;2018-01-03;68272;3600;0
2018-01-09;2017-12-26;35633;35654;0
2018-01-09;2017-12-22;35632;22611,04;0
2018-01-08;2018-01-08;1812;0;23310
2018-01-08;2017-12-18;181217;23310;0
2017-12-19;2017-12-19;106;0;189000
2017-12-19;2017-12-15;35595;27997,43;0
2017-12-19;2017-12-15;35594;60191,12;0
2017-12-13;2017-12-13;121217;0;18966,66
2017-12-13;2017-12-11;35550;49493,07;0
2017-12-13;2017-12-11;35549;21649,78;0
2017-12-12;2017-11-27;1970;18966,66;0
2017-12-08;2017-12-08;105;0;200000
2017-12-05;2017-12-01;35494;2046,588;0
2017-12-05;2017-12-01;35493;30295,69;0
2017-12-05;2017-12-01;35492;47294,87;0
2017-12-05;2017-12-01;35491;11101,43;0
2017-11-29;2017-11-24;35446;67135,76;0
2017-11-29;2017-11-24;35445;32240,34;0
2017-11-29;2017-11-24;35444;9483,696;0
2017-11-29;2017-11-23;35439;13376,42;0
2017-11-23;2017-11-17;35409;7367,717;0
2017-11-23;2017-11-17;35408;26120,88;0
2017-11-23;2017-11-17;35407;44889,49;0
2017-11-23;2017-11-17;35406;52472,27;0
2017-11-23;2017-11-17;35405;37183,1;0
2017-11-22;2017-11-22;1211;0;3138
2017-11-22;2017-11-22;221117;3138;0
2017-11-21;2017-11-21;104;0;150000
2017-11-17;2017-11-17;1511;0;20610
2017-11-17;2017-11-15;151117;20610;0
2017-11-16;2017-11-14;35369;36022,29;0
2017-11-16;2017-11-06;35303;17137,95;0
2017-11-16;2017-11-14;35370;29775,66;0
2017-11-16;2017-11-06;35302;43625;0
2017-11-16;2017-11-06;35301;37935,62;0
2017-11-16;2017-11-06;35300;23903,42;0
2017-11-16;2017-11-06;35299;8428,56;0
2017-11-15;2017-11-15;103;0;120000
2017-11-07;2017-11-07;102;0;120000
2017-11-03;2017-10-27;35220;47156,38;0
2017-11-03;2017-10-26;35195;7701,24;0
2017-11-03;2017-10-24;35163;18626,72;0
2017-11-01;2017-11-01;101;0;150000
2017-10-27;2017-10-24;35164;17716,28;0
2017-10-27;2017-10-20;35133;20132,7;0
2017-10-27;2017-10-20;35132;49947,46;0
2017-10-27;2017-10-20;35131;36801,41;0
2017-10-25;2017-10-25;100;0;110000
2017-10-22;2017-10-22;1810;0;23400
2017-10-22;2017-10-18;181017;23400;0
2017-10-17;2017-10-11;35076;36684,79;0
2017-10-17;2017-10-11;35075;38400,18;0
2017-10-17;2017-10-11;35074;53228,72;0
2017-10-17;2017-10-17;99;0;165000
2017-10-11;2017-10-11;101017;0;31830
2017-10-11;2017-10-04;35030;20973,96;0
2017-10-11;2017-09-29;35011;14246,63;0
2017-10-11;2017-09-29;35010;20231,88;0
2017-10-11;2017-09-29;009;25289,85;0
2017-10-11;2017-09-29;35009;4926,01;0
2017-10-11;2017-09-29;35008;30985,92;0
2017-10-06;2017-10-04;041017;31854;0
2017-10-03;2017-10-03;10;0;24120
2017-10-03;2017-10-03;031017;24120;0
2017-10-03;2017-10-03;98;0;150000
2017-09-27;2017-09-21;22105;75759,72;0
2017-09-27;2017-09-21;22104;31422,04;0
2017-09-27;2017-09-19;22087;25289,85;0
2017-09-27;2017-09-19;22086;45099,96;0
2017-09-25;2017-09-25;97;0;200000
2017-09-20;2017-09-20;Bonificacion-Remito1870;0;266,58
2017-09-15;2017-09-15;140917;0;46200
2017-09-15;2017-09-13;1870;46466,58;0
2017-09-15;2017-09-11;22024;26830,06;0
2017-09-15;2017-09-08;22017;101031,9;0
2017-09-15;2017-09-08;22016;45054,18;0
2017-09-15;2017-09-08;22015;30878,27;0
2017-09-15;2017-09-08;22014;10577,87;0
2017-09-15;2017-09-08;22013;6427,142;0
2017-09-15;2017-09-08;22012;8811,621;0
2017-09-13;2017-09-13;96;0;200000
2017-09-06;2017-09-06;290817;0;19852,8
2017-09-06;2017-08-28;280817;19852,8;0
2017-09-06;2017-09-06;95;0;100000
2017-09-06;2017-09-06;94;0;130000
2017-09-05;2017-09-05;50917;0;13236
2017-09-05;2017-09-05;050917;6048;0
2017-09-05;2017-08-25;21912;79368,59;0
2017-09-05;2017-09-04;040917;7164;0
2017-09-05;2017-08-24;21906;16973,43;0
2017-09-05;2017-08-25;21911;18469,28;0
2017-09-05;2017-08-25;21913;62460,08;0
2017-09-05;2017-08-25;21914;13279,68;0
2017-09-05;2017-08-25;21915;62441,11;0
2017-09-05;2017-08-25;21916;37670,44;0
2017-09-05;2017-08-25;21917;1637,27;0
2017-09-05;2017-08-04;21786;25757,1;0
2017-09-05;2017-08-04;21787;44075,52;0
2017-09-05;2017-08-04;21788;63272,89;0
2017-09-05;2017-07-27;21736;2455,905;0
2017-09-05;2017-07-27;21735;32773,04;0
2017-09-04;2017-09-04;1;0;47912,31
2017-09-04;2017-07-27;21734;78642,26;0
2017-09-04;2017-07-27;21733;50926,32;0
2017-09-04;2017-07-18;21683;62116,43;0
2017-09-04;2017-09-04;1;0;13939,2
2017-09-04;2017-08-14;140817;13939,2;0
2017-09-04;2017-07-18;21682;23908,76;0
2017-09-01;2017-09-01;1;0;17270,4
2017-09-01;2017-07-26;48898;17270,4;0
